{"cameraMode":{"drawMode":0,"name":"Shaded","section":"Shading Mode"},"sceneLighting":false,"audioPlay":false,"sceneViewState":{"showFog":false,"showMaterialUpdate":false,"showSkybox":false,"showFlares":false,"showImageEffects":false,"showParticleSystems":false},"in2DMode":false,"pivot":{"x":164.1849365234375,"y":91.57395935058594,"z":163.18907165527345},"rotation":{"x":-0.5947215557098389,"y":0.2551797330379486,"z":-0.20764148235321046,"w":-0.7338000535964966},"size":17.529582977294923,"orthographic":false}