{"cameraMode":{"drawMode":0,"name":"Shaded","section":"Shading Mode"},"sceneLighting":false,"audioPlay":false,"sceneViewState":{"showFog":false,"showMaterialUpdate":false,"showSkybox":false,"showFlares":false,"showImageEffects":false,"showParticleSystems":false},"in2DMode":false,"pivot":{"x":10.559381484985352,"y":-25.141448974609376,"z":56.18965530395508},"rotation":{"x":-0.6869903802871704,"y":-0.02439471334218979,"z":0.02307409979403019,"w":-0.7259848117828369},"size":400.1037292480469,"orthographic":false}