{"cameraMode":{"drawMode":0,"name":"Shaded","section":"Shading Mode"},"sceneLighting":true,"audioPlay":false,"sceneViewState":{"showFog":false,"showMaterialUpdate":false,"showSkybox":false,"showFlares":false,"showImageEffects":false,"showParticleSystems":false},"in2DMode":false,"pivot":{"x":342.3979187011719,"y":-104.00882720947266,"z":22.46318817138672},"rotation":{"x":0.12177776545286179,"y":0.6834728121757507,"z":-0.11718796193599701,"w":0.7102521061897278},"size":383.8379211425781,"orthographic":false}