{"cameraMode":{"drawMode":0,"name":"Shaded","section":"Shading Mode"},"sceneLighting":true,"audioPlay":false,"sceneViewState":{"showFog":false,"showMaterialUpdate":false,"showSkybox":false,"showFlares":false,"showImageEffects":false,"showParticleSystems":false},"in2DMode":false,"pivot":{"x":-120.11959075927735,"y":12.977666854858399,"z":48.15351867675781},"rotation":{"x":0.08081457763910294,"y":0.8676908016204834,"z":-0.15010911226272584,"w":0.4670620858669281},"size":43.051231384277347,"orthographic":false}