{"cameraMode":{"drawMode":0,"name":"Shaded","section":"Shading Mode"},"sceneLighting":false,"audioPlay":false,"sceneViewState":{"showFog":false,"showMaterialUpdate":false,"showSkybox":false,"showFlares":false,"showImageEffects":false,"showParticleSystems":false},"in2DMode":false,"pivot":{"x":-74.78016662597656,"y":-0.4354775846004486,"z":-8.669649124145508},"rotation":{"x":0.06338268518447876,"y":0.8884010910987854,"z":-0.1290956437587738,"w":0.4360729157924652},"size":43.051231384277347,"orthographic":false}