{"cameraMode":{"drawMode":0,"name":"Shaded","section":"Shading Mode"},"sceneLighting":true,"audioPlay":false,"sceneViewState":{"showFog":false,"showMaterialUpdate":false,"showSkybox":false,"showFlares":false,"showImageEffects":false,"showParticleSystems":false},"in2DMode":false,"pivot":{"x":285.90985107421877,"y":-208.94644165039063,"z":4.7306413650512699},"rotation":{"x":0.2248997986316681,"y":0.6741542816162109,"z":-0.22777894139289857,"w":0.6657398343086243},"size":383.8379211425781,"orthographic":false}