{"cameraMode":{"drawMode":0,"name":"Shaded","section":"Shading Mode"},"sceneLighting":true,"audioPlay":false,"sceneViewState":{"showFog":false,"showMaterialUpdate":false,"showSkybox":false,"showFlares":false,"showImageEffects":false,"showParticleSystems":false},"in2DMode":false,"pivot":{"x":-61.15208435058594,"y":-1.8399542570114136,"z":-18.46209716796875},"rotation":{"x":0.05810323357582092,"y":0.9053289294242859,"z":-0.13155631721019746,"w":0.39974507689476015},"size":43.051231384277347,"orthographic":false}