{"cameraMode":{"drawMode":0,"name":"Shaded","section":"Shading Mode"},"sceneLighting":false,"audioPlay":false,"sceneViewState":{"showFog":false,"showMaterialUpdate":false,"showSkybox":false,"showFlares":false,"showImageEffects":false,"showParticleSystems":false},"in2DMode":false,"pivot":{"x":-5.55497932434082,"y":855.7450561523438,"z":-10.175614356994629},"rotation":{"x":0.7089666128158569,"y":-0.000159696297487244,"z":0.0004010479897260666,"w":0.7055655121803284},"size":26.64020538330078,"orthographic":false}