{"cameraMode":{"drawMode":0,"name":"Shaded","section":"Shading Mode"},"sceneLighting":false,"audioPlay":false,"sceneViewState":{"showFog":false,"showMaterialUpdate":false,"showSkybox":false,"showFlares":false,"showImageEffects":false,"showParticleSystems":false},"in2DMode":false,"pivot":{"x":-1.0541000366210938,"y":-6.659999847412109,"z":0.8900001049041748},"rotation":{"x":-0.19997121393680573,"y":0.745614230632782,"z":-0.2572347819805145,"w":-0.5816615223884583},"size":30.129562377929689,"orthographic":false}